name,url
Abraham,http://greysanatomy.wikia.com/wiki/Abraham
Brad Ackles,http://greysanatomy.wikia.com/wiki/Brad_Ackles
Karen Adams,http://greysanatomy.wikia.com/wiki/Karen_Adams
Reed Adamson,http://greysanatomy.wikia.com/wiki/Reed_Adamson
Winnie Adkins,http://greysanatomy.wikia.com/wiki/Winnie_Adkins
Kim Allen,http://greysanatomy.wikia.com/wiki/Kim_Allen
Grandma Anderson,http://greysanatomy.wikia.com/wiki/Grandma_Anderson
Holly Anderson,http://greysanatomy.wikia.com/wiki/Holly_Anderson
Jessica Anderson,http://greysanatomy.wikia.com/wiki/Jessica_Anderson
Robert Anderson,http://greysanatomy.wikia.com/wiki/Robert_Anderson
Wallace Anderson,http://greysanatomy.wikia.com/wiki/Wallace_Anderson
Harper Avery,http://greysanatomy.wikia.com/wiki/Harper_Avery
Samuel Norbert Avery,http://greysanatomy.wikia.com/wiki/Samuel_Norbert_Avery
Alexander Ball,http://greysanatomy.wikia.com/wiki/Alexander_Ball
Joyce Basche,http://greysanatomy.wikia.com/wiki/Joyce_Basche
Cathy Becker,http://greysanatomy.wikia.com/wiki/Cathy_Becker
Ed Beckert,http://greysanatomy.wikia.com/wiki/Ed_Beckert
Grace Bickham,http://greysanatomy.wikia.com/wiki/Grace_Bickham
Andrew Billings,http://greysanatomy.wikia.com/wiki/Andrew_Billings
Charlie Bilson,http://greysanatomy.wikia.com/wiki/Charlie_Bilson
Dr. Bones,http://greysanatomy.wikia.com/wiki/Dr._Bones
Heather Brooks,http://greysanatomy.wikia.com/wiki/Heather_Brooks
Teresa Brotherton,http://greysanatomy.wikia.com/wiki/Teresa_Brotherton
Rosemary Bullard,http://greysanatomy.wikia.com/wiki/Rosemary_Bullard
Henry Burton,http://greysanatomy.wikia.com/wiki/Henry_Burton
Jake Burton,http://greysanatomy.wikia.com/wiki/Jake_Burton
Rich Campion,http://greysanatomy.wikia.com/wiki/Rich_Campion
Vivian Carlsmith,http://greysanatomy.wikia.com/wiki/Vivian_Carlsmith
Emma Carroll,http://greysanatomy.wikia.com/wiki/Emma_Carroll
Casey (Things We Lost in the Fire),http://greysanatomy.wikia.com/wiki/Casey_(Things_We_Lost_in_the_Fire)
Jason Castor,http://greysanatomy.wikia.com/wiki/Jason_Castor
Alison Clark,http://greysanatomy.wikia.com/wiki/Alison_Clark
Alison Clark (Sympathy for the Parents),http://greysanatomy.wikia.com/wiki/Alison_Clark_(Sympathy_for_the_Parents)
Gary Clark,http://greysanatomy.wikia.com/wiki/Gary_Clark
Elsie Clatch,http://greysanatomy.wikia.com/wiki/Elsie_Clatch
Annie Connors,http://greysanatomy.wikia.com/wiki/Annie_Connors
Liz Cooper,http://greysanatomy.wikia.com/wiki/Liz_Cooper
Louise Cortez,http://greysanatomy.wikia.com/wiki/Louise_Cortez
Darren Covington,http://greysanatomy.wikia.com/wiki/Darren_Covington
Bonnie Crasnoff,http://greysanatomy.wikia.com/wiki/Bonnie_Crasnoff
Elyse Cruse,http://greysanatomy.wikia.com/wiki/Elyse_Cruse
Ray Daniels,http://greysanatomy.wikia.com/wiki/Ray_Daniels
Danny,http://greysanatomy.wikia.com/wiki/Danny
Daphne,http://greysanatomy.wikia.com/wiki/Daphne
Kevin Davidson,http://greysanatomy.wikia.com/wiki/Kevin_Davidson
Troy Davis,http://greysanatomy.wikia.com/wiki/Troy_Davis
Rachel Dawson,http://greysanatomy.wikia.com/wiki/Rachel_Dawson
Elena Debray,http://greysanatomy.wikia.com/wiki/Elena_Debray
Kyle Diaz,http://greysanatomy.wikia.com/wiki/Kyle_Diaz
Doc,http://greysanatomy.wikia.com/wiki/Doc
William Dunn,http://greysanatomy.wikia.com/wiki/William_Dunn
"Denny Duquette, Jr.","http://greysanatomy.wikia.com/wiki/Denny_Duquette,_Jr."
James Evans,http://greysanatomy.wikia.com/wiki/James_Evans
Elizabeth Fallon,http://greysanatomy.wikia.com/wiki/Elizabeth_Fallon
Jesse Fannon,http://greysanatomy.wikia.com/wiki/Jesse_Fannon
Emile Flores,http://greysanatomy.wikia.com/wiki/Emile_Flores
Eugene Foote,http://greysanatomy.wikia.com/wiki/Eugene_Foote
Bizzy Forbes,http://greysanatomy.wikia.com/wiki/Bizzy_Forbes
Jordan Franklin,http://greysanatomy.wikia.com/wiki/Jordan_Franklin
Peter Gekofsky,http://greysanatomy.wikia.com/wiki/Peter_Gekofsky
Stan Giamatti,http://greysanatomy.wikia.com/wiki/Stan_Giamatti
David Gibbs,http://greysanatomy.wikia.com/wiki/David_Gibbs
Brett Gibson,http://greysanatomy.wikia.com/wiki/Brett_Gibson
Peter Gibson,http://greysanatomy.wikia.com/wiki/Peter_Gibson
Susan Grant,http://greysanatomy.wikia.com/wiki/Susan_Grant
Greta,http://greysanatomy.wikia.com/wiki/Greta
Ellis Grey,http://greysanatomy.wikia.com/wiki/Ellis_Grey
Lexie Grey,http://greysanatomy.wikia.com/wiki/Lexie_Grey
Susan Grey,http://greysanatomy.wikia.com/wiki/Susan_Grey
Nick Hanscom,http://greysanatomy.wikia.com/wiki/Nick_Hanscom
Jen Harmon,http://greysanatomy.wikia.com/wiki/Jen_Harmon
Randy Helsby,http://greysanatomy.wikia.com/wiki/Randy_Helsby
Emily Jensen,http://greysanatomy.wikia.com/wiki/Emily_Jensen
Kirk Jensen,http://greysanatomy.wikia.com/wiki/Kirk_Jensen
JJ,http://greysanatomy.wikia.com/wiki/JJ
Jordan,http://greysanatomy.wikia.com/wiki/Jordan
Lillie Jordan,http://greysanatomy.wikia.com/wiki/Lillie_Jordan
Kathleen Kane,http://greysanatomy.wikia.com/wiki/Kathleen_Kane
Kara (The Hard Part),http://greysanatomy.wikia.com/wiki/Kara_(The_Hard_Part)
Veronica Kays,http://greysanatomy.wikia.com/wiki/Veronica_Kays
Keith,http://greysanatomy.wikia.com/wiki/Keith
Jordan Kenley,http://greysanatomy.wikia.com/wiki/Jordan_Kenley
Vincent Kenner,http://greysanatomy.wikia.com/wiki/Vincent_Kenner
Ryan Kerrigan,http://greysanatomy.wikia.com/wiki/Ryan_Kerrigan
Daniel Kiefer,http://greysanatomy.wikia.com/wiki/Daniel_Kiefer
Jeffrey King,http://greysanatomy.wikia.com/wiki/Jeffrey_King
Seth Lepik,http://greysanatomy.wikia.com/wiki/Seth_Lepik
Billy Linneman,http://greysanatomy.wikia.com/wiki/Billy_Linneman
Brett Loveman,http://greysanatomy.wikia.com/wiki/Brett_Loveman
Robert Martin,http://greysanatomy.wikia.com/wiki/Robert_Martin
Matty,http://greysanatomy.wikia.com/wiki/Matty
Griffin McColl,http://greysanatomy.wikia.com/wiki/Griffin_McColl
Gretchen McKay,http://greysanatomy.wikia.com/wiki/Gretchen_McKay
Holden McKee,http://greysanatomy.wikia.com/wiki/Holden_McKee
Francesca McNeil,http://greysanatomy.wikia.com/wiki/Francesca_McNeil
Donald Mercer,http://greysanatomy.wikia.com/wiki/Donald_Mercer
Michael (One Step Too Far),http://greysanatomy.wikia.com/wiki/Michael_(One_Step_Too_Far)
Michelle,http://greysanatomy.wikia.com/wiki/Michelle
Timothy Miller,http://greysanatomy.wikia.com/wiki/Timothy_Miller
Dan Mooney,http://greysanatomy.wikia.com/wiki/Dan_Mooney
Gloria Murphy,http://greysanatomy.wikia.com/wiki/Gloria_Murphy
Reilly Nash,http://greysanatomy.wikia.com/wiki/Reilly_Nash
Nate (In Which Dell Finds His Fight),http://greysanatomy.wikia.com/wiki/Nate_(In_Which_Dell_Finds_His_Fight)
Phillip Nichols,http://greysanatomy.wikia.com/wiki/Phillip_Nichols
Nick,http://greysanatomy.wikia.com/wiki/Nick
Benjamin O'Leary,http://greysanatomy.wikia.com/wiki/Benjamin_O%27Leary
George O'Malley,http://greysanatomy.wikia.com/wiki/George_O%27Malley
Harold O'Malley,http://greysanatomy.wikia.com/wiki/Harold_O%27Malley
Bradley Parker,http://greysanatomy.wikia.com/wiki/Bradley_Parker
Dell Parker,http://greysanatomy.wikia.com/wiki/Dell_Parker
Heather Parker,http://greysanatomy.wikia.com/wiki/Heather_Parker
Charles Percy,http://greysanatomy.wikia.com/wiki/Charles_Percy
Michael Perkins,http://greysanatomy.wikia.com/wiki/Michael_Perkins
Mr. Peterson,http://greysanatomy.wikia.com/wiki/Mr._Peterson
Thomas Peterson,http://greysanatomy.wikia.com/wiki/Thomas_Peterson
Phillip (What You Do for Love),http://greysanatomy.wikia.com/wiki/Phillip_(What_You_Do_for_Love)
Diane Pierce,http://greysanatomy.wikia.com/wiki/Diane_Pierce
Mary Portman,http://greysanatomy.wikia.com/wiki/Mary_Portman
Gladys Pulcher,http://greysanatomy.wikia.com/wiki/Gladys_Pulcher
Nikki Ratlin,http://greysanatomy.wikia.com/wiki/Nikki_Ratlin
Marjorie Reed,http://greysanatomy.wikia.com/wiki/Marjorie_Reed
Robbie Reeves,http://greysanatomy.wikia.com/wiki/Robbie_Reeves
Lily Reilly,http://greysanatomy.wikia.com/wiki/Lily_Reilly
Melanie Reynolds,http://greysanatomy.wikia.com/wiki/Melanie_Reynolds
Oliver Richter,http://greysanatomy.wikia.com/wiki/Oliver_Richter
Timothy Robbins,http://greysanatomy.wikia.com/wiki/Timothy_Robbins
Phillip Robinson,http://greysanatomy.wikia.com/wiki/Phillip_Robinson
Scott Robinson,http: